1824.07.01_CaledonianMercury_0001	6663	1824.07.01_CaledonianMercury	29823
1824.07.01_CaledonianMercury_0002	7367	1824.07.01_CaledonianMercury	29823
1824.07.01_CaledonianMercury_0003	7569	1824.07.01_CaledonianMercury	29823
1824.07.01_CaledonianMercury_0004	8224	1824.07.01_CaledonianMercury	29823
1824.07.01_MorningChronicle_0001	11664	1824.07.01_MorningChronicle	46103
1824.07.01_MorningChronicle_0002	10267	1824.07.01_MorningChronicle	46103
1824.07.01_MorningChronicle_0003	11850	1824.07.01_MorningChronicle	46103
1824.07.01_MorningChronicle_0004	12322	1824.07.01_MorningChronicle	46103
1824.07.01_Times_0001	10680	1824.07.01_Times	40686
1824.07.01_Times_0002	9691	1824.07.01_Times	40686
1824.07.01_Times_0003	10935	1824.07.01_Times	40686
1824.07.01_Times_0004	9380	1824.07.01_Times	40686
1824.07.01_Trewman'sExeterFlyingPostorPlymouthandCornishAdvertiser_0001	6290	1824.07.01_Trewman'sExeterFlyingPostorPlymouthandCornishAdvertiser	31347
1824.07.01_Trewman'sExeterFlyingPostorPlymouthandCornishAdvertiser_0002	9252	1824.07.01_Trewman'sExeterFlyingPostorPlymouthandCornishAdvertiser	31347
1824.07.01_Trewman'sExeterFlyingPostorPlymouthandCornishAdvertiser_0003	7956	1824.07.01_Trewman'sExeterFlyingPostorPlymouthandCornishAdvertiser	31347
1824.07.01_Trewman'sExeterFlyingPostorPlymouthandCornishAdvertiser_0004	7849	1824.07.01_Trewman'sExeterFlyingPostorPlymouthandCornishAdvertiser	31347
1824.07.02_LiverpoolMercuryetc_0001	4173	1824.07.02_LiverpoolMercuryetc	40698
1824.07.02_LiverpoolMercuryetc_0002	5492	1824.07.02_LiverpoolMercuryetc	40698
1824.07.02_LiverpoolMercuryetc_0003	5498	1824.07.02_LiverpoolMercuryetc	40698
1824.07.02_LiverpoolMercuryetc_0004	5240	1824.07.02_LiverpoolMercuryetc	40698
1824.07.02_LiverpoolMercuryetc_0005	4438	1824.07.02_LiverpoolMercuryetc	40698
1824.07.02_LiverpoolMercuryetc_0006	5152	1824.07.02_LiverpoolMercuryetc	40698
1824.07.02_LiverpoolMercuryetc_0007	5607	1824.07.02_LiverpoolMercuryetc	40698
1824.07.02_LiverpoolMercuryetc_0008	5098	1824.07.02_LiverpoolMercuryetc	40698
1824.07.02_MorningChronicle_0001	10598	1824.07.02_MorningChronicle	43265
1824.07.02_MorningChronicle_0002	10313	1824.07.02_MorningChronicle	43265
1824.07.02_MorningChronicle_0003	10954	1824.07.02_MorningChronicle	43265
1824.07.02_MorningChronicle_0004	11400	1824.07.02_MorningChronicle	43265
1824.07.02_Times_0001	9243	1824.07.02_Times	40520
1824.07.02_Times_0002	9285	1824.07.02_Times	40520
1824.07.02_Times_0003	11583	1824.07.02_Times	40520
1824.07.02_Times_0004	10409	1824.07.02_Times	40520
1824.07.03_CaledonianMercury_0001	7091	1824.07.03_CaledonianMercury	30717
1824.07.03_CaledonianMercury_0002	7307	1824.07.03_CaledonianMercury	30717
1824.07.03_CaledonianMercury_0003	8000	1824.07.03_CaledonianMercury	30717
1824.07.03_CaledonianMercury_0004	8319	1824.07.03_CaledonianMercury	30717
1824.07.03_Cobbett'sWeeklyPoliticalRegister_0001	65	1824.07.03_Cobbett'sWeeklyPoliticalRegister	12183
1824.07.03_Cobbett'sWeeklyPoliticalRegister_0002	325	1824.07.03_Cobbett'sWeeklyPoliticalRegister	12183
1824.07.03_Cobbett'sWeeklyPoliticalRegister_0003	254	1824.07.03_Cobbett'sWeeklyPoliticalRegister	12183
1824.07.03_Cobbett'sWeeklyPoliticalRegister_0004	449	1824.07.03_Cobbett'sWeeklyPoliticalRegister	12183
1824.07.03_Cobbett'sWeeklyPoliticalRegister_0005	434	1824.07.03_Cobbett'sWeeklyPoliticalRegister	12183
1824.07.03_Cobbett'sWeeklyPoliticalRegister_0006	409	1824.07.03_Cobbett'sWeeklyPoliticalRegister	12183
1824.07.03_Cobbett'sWeeklyPoliticalRegister_0007	324	1824.07.03_Cobbett'sWeeklyPoliticalRegister	12183
1824.07.03_Cobbett'sWeeklyPoliticalRegister_0008	435	1824.07.03_Cobbett'sWeeklyPoliticalRegister	12183
1824.07.03_Cobbett'sWeeklyPoliticalRegister_0009	413	1824.07.03_Cobbett'sWeeklyPoliticalRegister	12183
1824.07.03_Cobbett'sWeeklyPoliticalRegister_0010	375	1824.07.03_Cobbett'sWeeklyPoliticalRegister	12183
1824.07.03_Cobbett'sWeeklyPoliticalRegister_0011	380	1824.07.03_Cobbett'sWeeklyPoliticalRegister	12183
1824.07.03_Cobbett'sWeeklyPoliticalRegister_0012	425	1824.07.03_Cobbett'sWeeklyPoliticalRegister	12183
1824.07.03_Cobbett'sWeeklyPoliticalRegister_0013	388	1824.07.03_Cobbett'sWeeklyPoliticalRegister	12183
1824.07.03_Cobbett'sWeeklyPoliticalRegister_0014	282	1824.07.03_Cobbett'sWeeklyPoliticalRegister	12183
1824.07.03_Cobbett'sWeeklyPoliticalRegister_0015	263	1824.07.03_Cobbett'sWeeklyPoliticalRegister	12183
1824.07.03_Cobbett'sWeeklyPoliticalRegister_0016	197	1824.07.03_Cobbett'sWeeklyPoliticalRegister	12183
1824.07.03_Cobbett'sWeeklyPoliticalRegister_0017	252	1824.07.03_Cobbett'sWeeklyPoliticalRegister	12183
1824.07.03_Cobbett'sWeeklyPoliticalRegister_0018	366	1824.07.03_Cobbett'sWeeklyPoliticalRegister	12183
1824.07.03_Cobbett'sWeeklyPoliticalRegister_0019	500	1824.07.03_Cobbett'sWeeklyPoliticalRegister	12183
1824.07.03_Cobbett'sWeeklyPoliticalRegister_0020	652	1824.07.03_Cobbett'sWeeklyPoliticalRegister	12183
1824.07.03_Cobbett'sWeeklyPoliticalRegister_0021	638	1824.07.03_Cobbett'sWeeklyPoliticalRegister	12183
1824.07.03_Cobbett'sWeeklyPoliticalRegister_0022	493	1824.07.03_Cobbett'sWeeklyPoliticalRegister	12183
1824.07.03_Cobbett'sWeeklyPoliticalRegister_0023	266	1824.07.03_Cobbett'sWeeklyPoliticalRegister	12183
1824.07.03_Cobbett'sWeeklyPoliticalRegister_0024	368	1824.07.03_Cobbett'sWeeklyPoliticalRegister	12183
1824.07.03_Cobbett'sWeeklyPoliticalRegister_0025	330	1824.07.03_Cobbett'sWeeklyPoliticalRegister	12183
1824.07.03_Cobbett'sWeeklyPoliticalRegister_0026	423	1824.07.03_Cobbett'sWeeklyPoliticalRegister	12183
1824.07.03_Cobbett'sWeeklyPoliticalRegister_0027	274	1824.07.03_Cobbett'sWeeklyPoliticalRegister	12183
1824.07.03_Cobbett'sWeeklyPoliticalRegister_0028	462	1824.07.03_Cobbett'sWeeklyPoliticalRegister	12183
1824.07.03_Cobbett'sWeeklyPoliticalRegister_0029	542	1824.07.03_Cobbett'sWeeklyPoliticalRegister	12183
1824.07.03_Cobbett'sWeeklyPoliticalRegister_0030	535	1824.07.03_Cobbett'sWeeklyPoliticalRegister	12183
1824.07.03_Cobbett'sWeeklyPoliticalRegister_0031	394	1824.07.03_Cobbett'sWeeklyPoliticalRegister	12183
1824.07.03_Cobbett'sWeeklyPoliticalRegister_0032	270	1824.07.03_Cobbett'sWeeklyPoliticalRegister	12183
1824.07.03_MorningChronicle_0001	11710	1824.07.03_MorningChronicle	43520
1824.07.03_MorningChronicle_0002	10122	1824.07.03_MorningChronicle	43520
1824.07.03_MorningChronicle_0003	10481	1824.07.03_MorningChronicle	43520
1824.07.03_MorningChronicle_0004	11207	1824.07.03_MorningChronicle	43520
1824.07.03_TheIpswichJournal_0001	6638	1824.07.03_TheIpswichJournal	30660
1824.07.03_TheIpswichJournal_0002	8509	1824.07.03_TheIpswichJournal	30660
1824.07.03_TheIpswichJournal_0003	6759	1824.07.03_TheIpswichJournal	30660
1824.07.03_TheIpswichJournal_0004	8754	1824.07.03_TheIpswichJournal	30660
1824.07.03_TheLeedsMercury_0001	10901	1824.07.03_TheLeedsMercury	44993
1824.07.03_TheLeedsMercury_0002	10567	1824.07.03_TheLeedsMercury	44993
1824.07.03_TheLeedsMercury_0003	11969	1824.07.03_TheLeedsMercury	44993
1824.07.03_TheLeedsMercury_0004	11556	1824.07.03_TheLeedsMercury	44993
1824.07.03_TheNewcastleCourantetc_0001	7521	1824.07.03_TheNewcastleCourantetc	37557
1824.07.03_TheNewcastleCourantetc_0002	10836	1824.07.03_TheNewcastleCourantetc	37557
1824.07.03_TheNewcastleCourantetc_0003	8532	1824.07.03_TheNewcastleCourantetc	37557
1824.07.03_TheNewcastleCourantetc_0004	10668	1824.07.03_TheNewcastleCourantetc	37557
1824.07.03_Times_0001	10846	1824.07.03_Times	87211
1824.07.03_Times_0002	10515	1824.07.03_Times	87211
1824.07.03_Times_0003	11913	1824.07.03_Times	87211
1824.07.03_Times_0004	12189	1824.07.03_Times	87211
1824.07.03_Times_0005	7915	1824.07.03_Times	87211
1824.07.03_Times_0006	11429	1824.07.03_Times	87211
1824.07.03_Times_0007	11419	1824.07.03_Times	87211
1824.07.03_Times_0008	10985	1824.07.03_Times	87211
1824.07.04_TheExaminer_0001	1689	1824.07.04_TheExaminer	29566
1824.07.04_TheExaminer_0002	1745	1824.07.04_TheExaminer	29566
1824.07.04_TheExaminer_0003	1802	1824.07.04_TheExaminer	29566
1824.07.04_TheExaminer_0004	1557	1824.07.04_TheExaminer	29566
1824.07.04_TheExaminer_0005	1802	1824.07.04_TheExaminer	29566
1824.07.04_TheExaminer_0006	1564	1824.07.04_TheExaminer	29566
1824.07.04_TheExaminer_0007	1979	1824.07.04_TheExaminer	29566
1824.07.04_TheExaminer_0008	1933	1824.07.04_TheExaminer	29566
1824.07.04_TheExaminer_0009	1844	1824.07.04_TheExaminer	29566
1824.07.04_TheExaminer_0010	1920	1824.07.04_TheExaminer	29566
1824.07.04_TheExaminer_0011	1970	1824.07.04_TheExaminer	29566
1824.07.04_TheExaminer_0012	1635	1824.07.04_TheExaminer	29566
1824.07.04_TheExaminer_0013	2054	1824.07.04_TheExaminer	29566
1824.07.04_TheExaminer_0014	2060	1824.07.04_TheExaminer	29566
1824.07.04_TheExaminer_0015	2151	1824.07.04_TheExaminer	29566
1824.07.04_TheExaminer_0016	1861	1824.07.04_TheExaminer	29566
1824.07.05_CaledonianMercury_0001	6635	1824.07.05_CaledonianMercury	29998
1824.07.05_CaledonianMercury_0002	7870	1824.07.05_CaledonianMercury	29998
1824.07.05_CaledonianMercury_0003	7556	1824.07.05_CaledonianMercury	29998
1824.07.05_CaledonianMercury_0004	7937	1824.07.05_CaledonianMercury	29998
1824.07.05_HampshireTelegraphandSussexChronicleetc_0001	9057	1824.07.05_HampshireTelegraphandSussexChronicleetc	39573
1824.07.05_HampshireTelegraphandSussexChronicleetc_0002	10489	1824.07.05_HampshireTelegraphandSussexChronicleetc	39573
1824.07.05_HampshireTelegraphandSussexChronicleetc_0003	9812	1824.07.05_HampshireTelegraphandSussexChronicleetc	39573
1824.07.05_HampshireTelegraphandSussexChronicleetc_0004	10215	1824.07.05_HampshireTelegraphandSussexChronicleetc	39573
1824.07.05_MorningChronicle_0001	11013	1824.07.05_MorningChronicle	42513
1824.07.05_MorningChronicle_0002	9073	1824.07.05_MorningChronicle	42513
1824.07.05_MorningChronicle_0003	10553	1824.07.05_MorningChronicle	42513
1824.07.05_MorningChronicle_0004	11874	1824.07.05_MorningChronicle	42513
1824.07.05_TheBristolMercury_0001	7337	1824.07.05_TheBristolMercury	34457
1824.07.05_TheBristolMercury_0002	7678	1824.07.05_TheBristolMercury	34457
1824.07.05_TheBristolMercury_0003	10672	1824.07.05_TheBristolMercury	34457
1824.07.05_TheBristolMercury_0004	8770	1824.07.05_TheBristolMercury	34457
1824.07.05_Times_0001	10341	1824.07.05_Times	42978
1824.07.05_Times_0002	10352	1824.07.05_Times	42978
1824.07.05_Times_0003	11106	1824.07.05_Times	42978
1824.07.05_Times_0004	11179	1824.07.05_Times	42978
1824.07.06_MorningChronicle_0001	11190	1824.07.06_MorningChronicle	43909
1824.07.06_MorningChronicle_0002	9748	1824.07.06_MorningChronicle	43909
1824.07.06_MorningChronicle_0003	11550	1824.07.06_MorningChronicle	43909
1824.07.06_MorningChronicle_0004	11421	1824.07.06_MorningChronicle	43909
1824.07.06_Times_0001	8346	1824.07.06_Times	42152
1824.07.06_Times_0002	10115	1824.07.06_Times	42152
1824.07.06_Times_0003	11072	1824.07.06_Times	42152
1824.07.06_Times_0004	12619	1824.07.06_Times	42152
1824.07.07_MorningChronicle_0001	11294	1824.07.07_MorningChronicle	42061
1824.07.07_MorningChronicle_0002	9581	1824.07.07_MorningChronicle	42061
1824.07.07_MorningChronicle_0003	10423	1824.07.07_MorningChronicle	42061
1824.07.07_MorningChronicle_0004	10763	1824.07.07_MorningChronicle	42061
1824.07.07_TheAberdeenJournal_0001	7269	1824.07.07_TheAberdeenJournal	38630
1824.07.07_TheAberdeenJournal_0002	10280	1824.07.07_TheAberdeenJournal	38630
1824.07.07_TheAberdeenJournal_0003	9881	1824.07.07_TheAberdeenJournal	38630
1824.07.07_TheAberdeenJournal_0004	11200	1824.07.07_TheAberdeenJournal	38630
1824.07.07_TheDerbyMercury_0001	6728	1824.07.07_TheDerbyMercury	31564
1824.07.07_TheDerbyMercury_0002	8952	1824.07.07_TheDerbyMercury	31564
1824.07.07_TheDerbyMercury_0003	7440	1824.07.07_TheDerbyMercury	31564
1824.07.07_TheDerbyMercury_0004	8444	1824.07.07_TheDerbyMercury	31564
1824.07.07_Times_0001	6114	1824.07.07_Times	36574
1824.07.07_Times_0002	9474	1824.07.07_Times	36574
1824.07.07_Times_0003	10048	1824.07.07_Times	36574
1824.07.07_Times_0004	10938	1824.07.07_Times	36574
1824.07.08_CaledonianMercury_0001	7193	1824.07.08_CaledonianMercury	16335
1824.07.08_CaledonianMercury_0002	9142	1824.07.08_CaledonianMercury	16335
1824.07.08_MorningChronicle_0001	11137	1824.07.08_MorningChronicle	41849
1824.07.08_MorningChronicle_0002	8390	1824.07.08_MorningChronicle	41849
1824.07.08_MorningChronicle_0003	10858	1824.07.08_MorningChronicle	41849
1824.07.08_MorningChronicle_0004	11464	1824.07.08_MorningChronicle	41849
1824.07.08_Times_0001	9014	1824.07.08_Times	40299
1824.07.08_Times_0002	9791	1824.07.08_Times	40299
1824.07.08_Times_0003	10703	1824.07.08_Times	40299
1824.07.08_Times_0004	10791	1824.07.08_Times	40299
1824.07.08_Trewman'sExeterFlyingPostorPlymouthandCornishAdvertiser_0001	6414	1824.07.08_Trewman'sExeterFlyingPostorPlymouthandCornishAdvertiser	30977
1824.07.08_Trewman'sExeterFlyingPostorPlymouthandCornishAdvertiser_0002	8813	1824.07.08_Trewman'sExeterFlyingPostorPlymouthandCornishAdvertiser	30977
1824.07.08_Trewman'sExeterFlyingPostorPlymouthandCornishAdvertiser_0003	8030	1824.07.08_Trewman'sExeterFlyingPostorPlymouthandCornishAdvertiser	30977
1824.07.08_Trewman'sExeterFlyingPostorPlymouthandCornishAdvertiser_0004	7720	1824.07.08_Trewman'sExeterFlyingPostorPlymouthandCornishAdvertiser	30977
1824.07.09_LiverpoolMercuryetc_0001	4668	1824.07.09_LiverpoolMercuryetc	42765
1824.07.09_LiverpoolMercuryetc_0002	5594	1824.07.09_LiverpoolMercuryetc	42765
1824.07.09_LiverpoolMercuryetc_0003	5725	1824.07.09_LiverpoolMercuryetc	42765
1824.07.09_LiverpoolMercuryetc_0004	4627	1824.07.09_LiverpoolMercuryetc	42765
1824.07.09_LiverpoolMercuryetc_0005	4989	1824.07.09_LiverpoolMercuryetc	42765
1824.07.09_LiverpoolMercuryetc_0006	5519	1824.07.09_LiverpoolMercuryetc	42765
1824.07.09_LiverpoolMercuryetc_0007	5953	1824.07.09_LiverpoolMercuryetc	42765
1824.07.09_LiverpoolMercuryetc_0008	5690	1824.07.09_LiverpoolMercuryetc	42765
1824.07.09_MorningChronicle_0001	11323	1824.07.09_MorningChronicle	40513
1824.07.09_MorningChronicle_0002	8721	1824.07.09_MorningChronicle	40513
1824.07.09_MorningChronicle_0003	10341	1824.07.09_MorningChronicle	40513
1824.07.09_MorningChronicle_0004	10128	1824.07.09_MorningChronicle	40513
1824.07.09_Times_0001	6728	1824.07.09_Times	37821
1824.07.09_Times_0002	10778	1824.07.09_Times	37821
1824.07.09_Times_0003	11030	1824.07.09_Times	37821
1824.07.09_Times_0004	9285	1824.07.09_Times	37821
1824.07.10_CaledonianMercury_0001	6491	1824.07.10_CaledonianMercury	29884
1824.07.10_CaledonianMercury_0002	7067	1824.07.10_CaledonianMercury	29884
1824.07.10_CaledonianMercury_0003	8382	1824.07.10_CaledonianMercury	29884
1824.07.10_CaledonianMercury_0004	7944	1824.07.10_CaledonianMercury	29884
1824.07.10_Cobbett'sWeeklyPoliticalRegister_0001	209	1824.07.10_Cobbett'sWeeklyPoliticalRegister	14937
1824.07.10_Cobbett'sWeeklyPoliticalRegister_0002	378	1824.07.10_Cobbett'sWeeklyPoliticalRegister	14937
1824.07.10_Cobbett'sWeeklyPoliticalRegister_0003	408	1824.07.10_Cobbett'sWeeklyPoliticalRegister	14937
1824.07.10_Cobbett'sWeeklyPoliticalRegister_0004	465	1824.07.10_Cobbett'sWeeklyPoliticalRegister	14937
1824.07.10_Cobbett'sWeeklyPoliticalRegister_0005	422	1824.07.10_Cobbett'sWeeklyPoliticalRegister	14937
1824.07.10_Cobbett'sWeeklyPoliticalRegister_0006	353	1824.07.10_Cobbett'sWeeklyPoliticalRegister	14937
1824.07.10_Cobbett'sWeeklyPoliticalRegister_0007	337	1824.07.10_Cobbett'sWeeklyPoliticalRegister	14937
1824.07.10_Cobbett'sWeeklyPoliticalRegister_0008	432	1824.07.10_Cobbett'sWeeklyPoliticalRegister	14937
1824.07.10_Cobbett'sWeeklyPoliticalRegister_0009	421	1824.07.10_Cobbett'sWeeklyPoliticalRegister	14937
1824.07.10_Cobbett'sWeeklyPoliticalRegister_0010	377	1824.07.10_Cobbett'sWeeklyPoliticalRegister	14937
1824.07.10_Cobbett'sWeeklyPoliticalRegister_0011	405	1824.07.10_Cobbett'sWeeklyPoliticalRegister	14937
1824.07.10_Cobbett'sWeeklyPoliticalRegister_0012	428	1824.07.10_Cobbett'sWeeklyPoliticalRegister	14937
1824.07.10_Cobbett'sWeeklyPoliticalRegister_0013	576	1824.07.10_Cobbett'sWeeklyPoliticalRegister	14937
1824.07.10_Cobbett'sWeeklyPoliticalRegister_0014	417	1824.07.10_Cobbett'sWeeklyPoliticalRegister	14937
1824.07.10_Cobbett'sWeeklyPoliticalRegister_0015	525	1824.07.10_Cobbett'sWeeklyPoliticalRegister	14937
1824.07.10_Cobbett'sWeeklyPoliticalRegister_0016	496	1824.07.10_Cobbett'sWeeklyPoliticalRegister	14937
1824.07.10_Cobbett'sWeeklyPoliticalRegister_0017	536	1824.07.10_Cobbett'sWeeklyPoliticalRegister	14937
1824.07.10_Cobbett'sWeeklyPoliticalRegister_0018	526	1824.07.10_Cobbett'sWeeklyPoliticalRegister	14937
1824.07.10_Cobbett'sWeeklyPoliticalRegister_0019	536	1824.07.10_Cobbett'sWeeklyPoliticalRegister	14937
1824.07.10_Cobbett'sWeeklyPoliticalRegister_0020	590	1824.07.10_Cobbett'sWeeklyPoliticalRegister	14937
1824.07.10_Cobbett'sWeeklyPoliticalRegister_0021	578	1824.07.10_Cobbett'sWeeklyPoliticalRegister	14937
1824.07.10_Cobbett'sWeeklyPoliticalRegister_0022	477	1824.07.10_Cobbett'sWeeklyPoliticalRegister	14937
1824.07.10_Cobbett'sWeeklyPoliticalRegister_0023	563	1824.07.10_Cobbett'sWeeklyPoliticalRegister	14937
1824.07.10_Cobbett'sWeeklyPoliticalRegister_0024	581	1824.07.10_Cobbett'sWeeklyPoliticalRegister	14937
1824.07.10_Cobbett'sWeeklyPoliticalRegister_0025	647	1824.07.10_Cobbett'sWeeklyPoliticalRegister	14937
1824.07.10_Cobbett'sWeeklyPoliticalRegister_0026	591	1824.07.10_Cobbett'sWeeklyPoliticalRegister	14937
1824.07.10_Cobbett'sWeeklyPoliticalRegister_0027	549	1824.07.10_Cobbett'sWeeklyPoliticalRegister	14937
1824.07.10_Cobbett'sWeeklyPoliticalRegister_0028	213	1824.07.10_Cobbett'sWeeklyPoliticalRegister	14937
1824.07.10_Cobbett'sWeeklyPoliticalRegister_0029	555	1824.07.10_Cobbett'sWeeklyPoliticalRegister	14937
1824.07.10_Cobbett'sWeeklyPoliticalRegister_0030	575	1824.07.10_Cobbett'sWeeklyPoliticalRegister	14937
1824.07.10_Cobbett'sWeeklyPoliticalRegister_0031	421	1824.07.10_Cobbett'sWeeklyPoliticalRegister	14937
1824.07.10_Cobbett'sWeeklyPoliticalRegister_0032	350	1824.07.10_Cobbett'sWeeklyPoliticalRegister	14937
1824.07.10_MorningChronicle_0001	11616	1824.07.10_MorningChronicle	42345
1824.07.10_MorningChronicle_0002	10453	1824.07.10_MorningChronicle	42345
1824.07.10_MorningChronicle_0003	9461	1824.07.10_MorningChronicle	42345
1824.07.10_MorningChronicle_0004	10815	1824.07.10_MorningChronicle	42345
1824.07.10_TheIpswichJournal_0001	6423	1824.07.10_TheIpswichJournal	29912
1824.07.10_TheIpswichJournal_0002	7833	1824.07.10_TheIpswichJournal	29912
1824.07.10_TheIpswichJournal_0003	6807	1824.07.10_TheIpswichJournal	29912
1824.07.10_TheIpswichJournal_0004	8849	1824.07.10_TheIpswichJournal	29912
1824.07.10_TheLeedsMercury_0001	10240	1824.07.10_TheLeedsMercury	45848
1824.07.10_TheLeedsMercury_0002	10414	1824.07.10_TheLeedsMercury	45848
1824.07.10_TheLeedsMercury_0003	12363	1824.07.10_TheLeedsMercury	45848
1824.07.10_TheLeedsMercury_0004	12831	1824.07.10_TheLeedsMercury	45848
1824.07.10_TheNewcastleCourantetc_0001	7366	1824.07.10_TheNewcastleCourantetc	36852
1824.07.10_TheNewcastleCourantetc_0002	10508	1824.07.10_TheNewcastleCourantetc	36852
1824.07.10_TheNewcastleCourantetc_0003	8857	1824.07.10_TheNewcastleCourantetc	36852
1824.07.10_TheNewcastleCourantetc_0004	10121	1824.07.10_TheNewcastleCourantetc	36852
1824.07.10_Times_0001	10915	1824.07.10_Times	42942
1824.07.10_Times_0002	9828	1824.07.10_Times	42942
1824.07.10_Times_0003	11151	1824.07.10_Times	42942
1824.07.10_Times_0004	11048	1824.07.10_Times	42942
1824.07.11_TheExaminer_0001	1573	1824.07.11_TheExaminer	29716
1824.07.11_TheExaminer_0002	1933	1824.07.11_TheExaminer	29716
1824.07.11_TheExaminer_0003	1827	1824.07.11_TheExaminer	29716
1824.07.11_TheExaminer_0004	1945	1824.07.11_TheExaminer	29716
1824.07.11_TheExaminer_0005	1798	1824.07.11_TheExaminer	29716
1824.07.11_TheExaminer_0006	1457	1824.07.11_TheExaminer	29716
1824.07.11_TheExaminer_0007	1834	1824.07.11_TheExaminer	29716
1824.07.11_TheExaminer_0008	1619	1824.07.11_TheExaminer	29716
1824.07.11_TheExaminer_0009	1681	1824.07.11_TheExaminer	29716
1824.07.11_TheExaminer_0010	1937	1824.07.11_TheExaminer	29716
1824.07.11_TheExaminer_0011	1874	1824.07.11_TheExaminer	29716
1824.07.11_TheExaminer_0012	2070	1824.07.11_TheExaminer	29716
1824.07.11_TheExaminer_0013	1988	1824.07.11_TheExaminer	29716
1824.07.11_TheExaminer_0014	1862	1824.07.11_TheExaminer	29716
1824.07.11_TheExaminer_0015	2120	1824.07.11_TheExaminer	29716
1824.07.11_TheExaminer_0016	2198	1824.07.11_TheExaminer	29716
1824.07.12_CaledonianMercury_0001	6905	1824.07.12_CaledonianMercury	31216
1824.07.12_CaledonianMercury_0002	7467	1824.07.12_CaledonianMercury	31216
1824.07.12_CaledonianMercury_0003	8300	1824.07.12_CaledonianMercury	31216
1824.07.12_CaledonianMercury_0004	8544	1824.07.12_CaledonianMercury	31216
1824.07.12_HampshireTelegraphandSussexChronicleetc_0001	7337	1824.07.12_HampshireTelegraphandSussexChronicleetc	36700
1824.07.12_HampshireTelegraphandSussexChronicleetc_0002	8922	1824.07.12_HampshireTelegraphandSussexChronicleetc	36700
1824.07.12_HampshireTelegraphandSussexChronicleetc_0003	9903	1824.07.12_HampshireTelegraphandSussexChronicleetc	36700
1824.07.12_HampshireTelegraphandSussexChronicleetc_0004	10538	1824.07.12_HampshireTelegraphandSussexChronicleetc	36700
1824.07.12_MorningChronicle_0001	10909	1824.07.12_MorningChronicle	42622
1824.07.12_MorningChronicle_0002	9876	1824.07.12_MorningChronicle	42622
1824.07.12_MorningChronicle_0003	10783	1824.07.12_MorningChronicle	42622
1824.07.12_MorningChronicle_0004	11054	1824.07.12_MorningChronicle	42622
1824.07.12_TheBristolMercury_0001	8117	1824.07.12_TheBristolMercury	35993
1824.07.12_TheBristolMercury_0002	8425	1824.07.12_TheBristolMercury	35993
1824.07.12_TheBristolMercury_0003	9837	1824.07.12_TheBristolMercury	35993
1824.07.12_TheBristolMercury_0004	9614	1824.07.12_TheBristolMercury	35993
1824.07.12_Times_0001	9467	1824.07.12_Times	83333
1824.07.12_Times_0002	10540	1824.07.12_Times	83333
1824.07.12_Times_0003	10380	1824.07.12_Times	83333
1824.07.12_Times_0004	11177	1824.07.12_Times	83333
1824.07.12_Times_0005	7849	1824.07.12_Times	83333
1824.07.12_Times_0006	11749	1824.07.12_Times	83333
1824.07.12_Times_0007	10880	1824.07.12_Times	83333
1824.07.12_Times_0008	11291	1824.07.12_Times	83333
1824.07.13_MorningChronicle_0001	10872	1824.07.13_MorningChronicle	41144
1824.07.13_MorningChronicle_0002	9109	1824.07.13_MorningChronicle	41144
1824.07.13_MorningChronicle_0003	10214	1824.07.13_MorningChronicle	41144
1824.07.13_MorningChronicle_0004	10949	1824.07.13_MorningChronicle	41144
1824.07.13_Times_0001	8499	1824.07.13_Times	41747
1824.07.13_Times_0002	10030	1824.07.13_Times	41747
1824.07.13_Times_0003	11275	1824.07.13_Times	41747
1824.07.13_Times_0004	11943	1824.07.13_Times	41747
1824.07.14_MorningChronicle_0001	11832	1824.07.14_MorningChronicle	41812
1824.07.14_MorningChronicle_0002	9522	1824.07.14_MorningChronicle	41812
1824.07.14_MorningChronicle_0003	10352	1824.07.14_MorningChronicle	41812
1824.07.14_MorningChronicle_0004	10106	1824.07.14_MorningChronicle	41812
1824.07.14_TheAberdeenJournal_0001	7982	1824.07.14_TheAberdeenJournal	38626
1824.07.14_TheAberdeenJournal_0002	9871	1824.07.14_TheAberdeenJournal	38626
1824.07.14_TheAberdeenJournal_0003	10050	1824.07.14_TheAberdeenJournal	38626
1824.07.14_TheAberdeenJournal_0004	10723	1824.07.14_TheAberdeenJournal	38626
1824.07.14_TheDerbyMercury_0001	6052	1824.07.14_TheDerbyMercury	30087
1824.07.14_TheDerbyMercury_0002	8186	1824.07.14_TheDerbyMercury	30087
1824.07.14_TheDerbyMercury_0003	7865	1824.07.14_TheDerbyMercury	30087
1824.07.14_TheDerbyMercury_0004	7984	1824.07.14_TheDerbyMercury	30087
1824.07.14_Times_0001	9403	1824.07.14_Times	40487
1824.07.14_Times_0002	10910	1824.07.14_Times	40487
1824.07.14_Times_0003	9764	1824.07.14_Times	40487
1824.07.14_Times_0004	10410	1824.07.14_Times	40487
1824.07.15_CaledonianMercury_0001	6974	1824.07.15_CaledonianMercury	32876
1824.07.15_CaledonianMercury_0002	8222	1824.07.15_CaledonianMercury	32876
1824.07.15_CaledonianMercury_0003	8583	1824.07.15_CaledonianMercury	32876
1824.07.15_CaledonianMercury_0004	9097	1824.07.15_CaledonianMercury	32876
1824.07.15_MorningChronicle_0001	12246	1824.07.15_MorningChronicle	45037
1824.07.15_MorningChronicle_0002	9820	1824.07.15_MorningChronicle	45037
1824.07.15_MorningChronicle_0003	11126	1824.07.15_MorningChronicle	45037
1824.07.15_MorningChronicle_0004	11845	1824.07.15_MorningChronicle	45037
1824.07.15_Times_0001	9490	1824.07.15_Times	42274
1824.07.15_Times_0002	11147	1824.07.15_Times	42274
1824.07.15_Times_0003	9908	1824.07.15_Times	42274
1824.07.15_Times_0004	11729	1824.07.15_Times	42274
1824.07.15_Trewman'sExeterFlyingPostorPlymouthandCornishAdvertiser_0001	6142	1824.07.15_Trewman'sExeterFlyingPostorPlymouthandCornishAdvertiser	31007
1824.07.15_Trewman'sExeterFlyingPostorPlymouthandCornishAdvertiser_0002	9023	1824.07.15_Trewman'sExeterFlyingPostorPlymouthandCornishAdvertiser	31007
1824.07.15_Trewman'sExeterFlyingPostorPlymouthandCornishAdvertiser_0003	7696	1824.07.15_Trewman'sExeterFlyingPostorPlymouthandCornishAdvertiser	31007
1824.07.15_Trewman'sExeterFlyingPostorPlymouthandCornishAdvertiser_0004	8146	1824.07.15_Trewman'sExeterFlyingPostorPlymouthandCornishAdvertiser	31007
1824.07.16_LiverpoolMercuryetc_0001	4266	1824.07.16_LiverpoolMercuryetc	40970
1824.07.16_LiverpoolMercuryetc_0002	5762	1824.07.16_LiverpoolMercuryetc	40970
1824.07.16_LiverpoolMercuryetc_0003	5290	1824.07.16_LiverpoolMercuryetc	40970
1824.07.16_LiverpoolMercuryetc_0004	4950	1824.07.16_LiverpoolMercuryetc	40970
1824.07.16_LiverpoolMercuryetc_0005	4687	1824.07.16_LiverpoolMercuryetc	40970
1824.07.16_LiverpoolMercuryetc_0006	5164	1824.07.16_LiverpoolMercuryetc	40970
1824.07.16_LiverpoolMercuryetc_0007	5319	1824.07.16_LiverpoolMercuryetc	40970
1824.07.16_LiverpoolMercuryetc_0008	5532	1824.07.16_LiverpoolMercuryetc	40970
1824.07.16_MorningChronicle_0001	11104	1824.07.16_MorningChronicle	41661
1824.07.16_MorningChronicle_0002	9657	1824.07.16_MorningChronicle	41661
1824.07.16_MorningChronicle_0003	10195	1824.07.16_MorningChronicle	41661
1824.07.16_MorningChronicle_0004	10705	1824.07.16_MorningChronicle	41661
1824.07.16_Times_0001	9031	1824.07.16_Times	41348
1824.07.16_Times_0002	10000	1824.07.16_Times	41348
1824.07.16_Times_0003	11237	1824.07.16_Times	41348
1824.07.16_Times_0004	11080	1824.07.16_Times	41348
1824.07.17_CaledonianMercury_0001	6848	1824.07.17_CaledonianMercury	30165
1824.07.17_CaledonianMercury_0002	6793	1824.07.17_CaledonianMercury	30165
1824.07.17_CaledonianMercury_0003	8667	1824.07.17_CaledonianMercury	30165
1824.07.17_CaledonianMercury_0004	7857	1824.07.17_CaledonianMercury	30165
1824.07.17_Cobbett'sWeeklyPoliticalRegister_0001	208	1824.07.17_Cobbett'sWeeklyPoliticalRegister	15227
1824.07.17_Cobbett'sWeeklyPoliticalRegister_0002	398	1824.07.17_Cobbett'sWeeklyPoliticalRegister	15227
1824.07.17_Cobbett'sWeeklyPoliticalRegister_0003	455	1824.07.17_Cobbett'sWeeklyPoliticalRegister	15227
1824.07.17_Cobbett'sWeeklyPoliticalRegister_0004	530	1824.07.17_Cobbett'sWeeklyPoliticalRegister	15227
1824.07.17_Cobbett'sWeeklyPoliticalRegister_0005	547	1824.07.17_Cobbett'sWeeklyPoliticalRegister	15227
1824.07.17_Cobbett'sWeeklyPoliticalRegister_0006	359	1824.07.17_Cobbett'sWeeklyPoliticalRegister	15227
1824.07.17_Cobbett'sWeeklyPoliticalRegister_0007	366	1824.07.17_Cobbett'sWeeklyPoliticalRegister	15227
1824.07.17_Cobbett'sWeeklyPoliticalRegister_0008	557	1824.07.17_Cobbett'sWeeklyPoliticalRegister	15227
1824.07.17_Cobbett'sWeeklyPoliticalRegister_0009	622	1824.07.17_Cobbett'sWeeklyPoliticalRegister	15227
1824.07.17_Cobbett'sWeeklyPoliticalRegister_0010	607	1824.07.17_Cobbett'sWeeklyPoliticalRegister	15227
1824.07.17_Cobbett'sWeeklyPoliticalRegister_0011	666	1824.07.17_Cobbett'sWeeklyPoliticalRegister	15227
1824.07.17_Cobbett'sWeeklyPoliticalRegister_0012	672	1824.07.17_Cobbett'sWeeklyPoliticalRegister	15227
1824.07.17_Cobbett'sWeeklyPoliticalRegister_0013	594	1824.07.17_Cobbett'sWeeklyPoliticalRegister	15227
1824.07.17_Cobbett'sWeeklyPoliticalRegister_0014	481	1824.07.17_Cobbett'sWeeklyPoliticalRegister	15227
1824.07.17_Cobbett'sWeeklyPoliticalRegister_0015	495	1824.07.17_Cobbett'sWeeklyPoliticalRegister	15227
1824.07.17_Cobbett'sWeeklyPoliticalRegister_0016	516	1824.07.17_Cobbett'sWeeklyPoliticalRegister	15227
1824.07.17_Cobbett'sWeeklyPoliticalRegister_0017	480	1824.07.17_Cobbett'sWeeklyPoliticalRegister	15227
1824.07.17_Cobbett'sWeeklyPoliticalRegister_0018	529	1824.07.17_Cobbett'sWeeklyPoliticalRegister	15227
1824.07.17_Cobbett'sWeeklyPoliticalRegister_0019	518	1824.07.17_Cobbett'sWeeklyPoliticalRegister	15227
1824.07.17_Cobbett'sWeeklyPoliticalRegister_0020	582	1824.07.17_Cobbett'sWeeklyPoliticalRegister	15227
1824.07.17_Cobbett'sWeeklyPoliticalRegister_0021	590	1824.07.17_Cobbett'sWeeklyPoliticalRegister	15227
1824.07.17_Cobbett'sWeeklyPoliticalRegister_0022	468	1824.07.17_Cobbett'sWeeklyPoliticalRegister	15227
1824.07.17_Cobbett'sWeeklyPoliticalRegister_0023	447	1824.07.17_Cobbett'sWeeklyPoliticalRegister	15227
1824.07.17_Cobbett'sWeeklyPoliticalRegister_0024	446	1824.07.17_Cobbett'sWeeklyPoliticalRegister	15227
1824.07.17_Cobbett'sWeeklyPoliticalRegister_0025	476	1824.07.17_Cobbett'sWeeklyPoliticalRegister	15227
1824.07.17_Cobbett'sWeeklyPoliticalRegister_0026	266	1824.07.17_Cobbett'sWeeklyPoliticalRegister	15227
1824.07.17_Cobbett'sWeeklyPoliticalRegister_0027	236	1824.07.17_Cobbett'sWeeklyPoliticalRegister	15227
1824.07.17_Cobbett'sWeeklyPoliticalRegister_0028	541	1824.07.17_Cobbett'sWeeklyPoliticalRegister	15227
1824.07.17_Cobbett'sWeeklyPoliticalRegister_0029	573	1824.07.17_Cobbett'sWeeklyPoliticalRegister	15227
1824.07.17_Cobbett'sWeeklyPoliticalRegister_0030	578	1824.07.17_Cobbett'sWeeklyPoliticalRegister	15227
1824.07.17_Cobbett'sWeeklyPoliticalRegister_0031	292	1824.07.17_Cobbett'sWeeklyPoliticalRegister	15227
1824.07.17_Cobbett'sWeeklyPoliticalRegister_0032	132	1824.07.17_Cobbett'sWeeklyPoliticalRegister	15227
1824.07.17_MorningChronicle_0001	11960	1824.07.17_MorningChronicle	44332
1824.07.17_MorningChronicle_0002	10089	1824.07.17_MorningChronicle	44332
1824.07.17_MorningChronicle_0003	11092	1824.07.17_MorningChronicle	44332
1824.07.17_MorningChronicle_0004	11191	1824.07.17_MorningChronicle	44332
1824.07.17_TheIpswichJournal_0001	6114	1824.07.17_TheIpswichJournal	31007
1824.07.17_TheIpswichJournal_0002	8874	1824.07.17_TheIpswichJournal	31007
1824.07.17_TheIpswichJournal_0003	7103	1824.07.17_TheIpswichJournal	31007
1824.07.17_TheIpswichJournal_0004	8916	1824.07.17_TheIpswichJournal	31007
1824.07.17_TheLeedsMercury_0001	9401	1824.07.17_TheLeedsMercury	43618
1824.07.17_TheLeedsMercury_0002	10506	1824.07.17_TheLeedsMercury	43618
1824.07.17_TheLeedsMercury_0003	11863	1824.07.17_TheLeedsMercury	43618
1824.07.17_TheLeedsMercury_0004	11848	1824.07.17_TheLeedsMercury	43618
1824.07.17_TheNewcastleCourantetc_0001	7042	1824.07.17_TheNewcastleCourantetc	36105
1824.07.17_TheNewcastleCourantetc_0002	10179	1824.07.17_TheNewcastleCourantetc	36105
1824.07.17_TheNewcastleCourantetc_0003	9117	1824.07.17_TheNewcastleCourantetc	36105
1824.07.17_TheNewcastleCourantetc_0004	9767	1824.07.17_TheNewcastleCourantetc	36105
1824.07.17_Times_0001	5895	1824.07.17_Times	36755
1824.07.17_Times_0002	18735	1824.07.17_Times	36755
1824.07.17_Times_0003	1852	1824.07.17_Times	36755
1824.07.17_Times_0004	10273	1824.07.17_Times	36755
1824.07.18_TheExaminer_0001	1827	1824.07.18_TheExaminer	31274
1824.07.18_TheExaminer_0002	1958	1824.07.18_TheExaminer	31274
1824.07.18_TheExaminer_0003	1731	1824.07.18_TheExaminer	31274
1824.07.18_TheExaminer_0004	1968	1824.07.18_TheExaminer	31274
1824.07.18_TheExaminer_0005	1981	1824.07.18_TheExaminer	31274
1824.07.18_TheExaminer_0006	1917	1824.07.18_TheExaminer	31274
1824.07.18_TheExaminer_0007	1528	1824.07.18_TheExaminer	31274
1824.07.18_TheExaminer_0008	1961	1824.07.18_TheExaminer	31274
1824.07.18_TheExaminer_0009	1927	1824.07.18_TheExaminer	31274
1824.07.18_TheExaminer_0010	1903	1824.07.18_TheExaminer	31274
1824.07.18_TheExaminer_0011	2032	1824.07.18_TheExaminer	31274
1824.07.18_TheExaminer_0012	2002	1824.07.18_TheExaminer	31274
1824.07.18_TheExaminer_0013	2158	1824.07.18_TheExaminer	31274
1824.07.18_TheExaminer_0014	2132	1824.07.18_TheExaminer	31274
1824.07.18_TheExaminer_0015	2010	1824.07.18_TheExaminer	31274
1824.07.18_TheExaminer_0016	2239	1824.07.18_TheExaminer	31274
1824.07.19_CaledonianMercury_0001	7147	1824.07.19_CaledonianMercury	32039
1824.07.19_CaledonianMercury_0002	7836	1824.07.19_CaledonianMercury	32039
1824.07.19_CaledonianMercury_0003	8678	1824.07.19_CaledonianMercury	32039
1824.07.19_CaledonianMercury_0004	8378	1824.07.19_CaledonianMercury	32039
1824.07.19_HampshireTelegraphandSussexChronicleetc_0001	8329	1824.07.19_HampshireTelegraphandSussexChronicleetc	42183
1824.07.19_HampshireTelegraphandSussexChronicleetc_0002	11908	1824.07.19_HampshireTelegraphandSussexChronicleetc	42183
1824.07.19_HampshireTelegraphandSussexChronicleetc_0003	10853	1824.07.19_HampshireTelegraphandSussexChronicleetc	42183
1824.07.19_HampshireTelegraphandSussexChronicleetc_0004	11093	1824.07.19_HampshireTelegraphandSussexChronicleetc	42183
1824.07.19_MorningChronicle_0001	12234	1824.07.19_MorningChronicle	44545
1824.07.19_MorningChronicle_0002	9824	1824.07.19_MorningChronicle	44545
1824.07.19_MorningChronicle_0003	10918	1824.07.19_MorningChronicle	44545
1824.07.19_MorningChronicle_0004	11569	1824.07.19_MorningChronicle	44545
1824.07.19_TheBristolMercury_0001	8368	1824.07.19_TheBristolMercury	35789
1824.07.19_TheBristolMercury_0002	7961	1824.07.19_TheBristolMercury	35789
1824.07.19_TheBristolMercury_0003	9318	1824.07.19_TheBristolMercury	35789
1824.07.19_TheBristolMercury_0004	10142	1824.07.19_TheBristolMercury	35789
1824.07.19_Times_0001	9054	1824.07.19_Times	40976
1824.07.19_Times_0002	12434	1824.07.19_Times	40976
1824.07.19_Times_0003	9281	1824.07.19_Times	40976
1824.07.19_Times_0004	10207	1824.07.19_Times	40976
1824.07.20_MorningChronicle_0001	10642	1824.07.20_MorningChronicle	42778
1824.07.20_MorningChronicle_0002	10325	1824.07.20_MorningChronicle	42778
1824.07.20_MorningChronicle_0003	10976	1824.07.20_MorningChronicle	42778
1824.07.20_MorningChronicle_0004	10835	1824.07.20_MorningChronicle	42778
1824.07.20_Times_0001	10474	1824.07.20_Times	42042
1824.07.20_Times_0002	9311	1824.07.20_Times	42042
1824.07.20_Times_0003	13176	1824.07.20_Times	42042
1824.07.20_Times_0004	9081	1824.07.20_Times	42042
1824.07.21_MorningChronicle_0001	12396	1824.07.21_MorningChronicle	44262
1824.07.21_MorningChronicle_0002	9783	1824.07.21_MorningChronicle	44262
1824.07.21_MorningChronicle_0003	10451	1824.07.21_MorningChronicle	44262
1824.07.21_MorningChronicle_0004	11632	1824.07.21_MorningChronicle	44262
1824.07.21_TheAberdeenJournal_0001	5572	1824.07.21_TheAberdeenJournal	31901
1824.07.21_TheAberdeenJournal_0002	9449	1824.07.21_TheAberdeenJournal	31901
1824.07.21_TheAberdeenJournal_0003	7746	1824.07.21_TheAberdeenJournal	31901
1824.07.21_TheAberdeenJournal_0004	9134	1824.07.21_TheAberdeenJournal	31901
1824.07.21_TheDerbyMercury_0001	6944	1824.07.21_TheDerbyMercury	32688
1824.07.21_TheDerbyMercury_0002	8667	1824.07.21_TheDerbyMercury	32688
1824.07.21_TheDerbyMercury_0003	7821	1824.07.21_TheDerbyMercury	32688
1824.07.21_TheDerbyMercury_0004	9256	1824.07.21_TheDerbyMercury	32688
1824.07.21_Times_0001	8392	1824.07.21_Times	39444
1824.07.21_Times_0002	9781	1824.07.21_Times	39444
1824.07.21_Times_0003	11392	1824.07.21_Times	39444
1824.07.21_Times_0004	9879	1824.07.21_Times	39444
1824.07.22_CaledonianMercury_0001	6308	1824.07.22_CaledonianMercury	31615
1824.07.22_CaledonianMercury_0002	7964	1824.07.22_CaledonianMercury	31615
1824.07.22_CaledonianMercury_0003	8129	1824.07.22_CaledonianMercury	31615
1824.07.22_CaledonianMercury_0004	9214	1824.07.22_CaledonianMercury	31615
1824.07.22_MorningChronicle_0001	11356	1824.07.22_MorningChronicle	44948
1824.07.22_MorningChronicle_0002	9787	1824.07.22_MorningChronicle	44948
1824.07.22_MorningChronicle_0003	11332	1824.07.22_MorningChronicle	44948
1824.07.22_MorningChronicle_0004	12473	1824.07.22_MorningChronicle	44948
1824.07.22_Times_0005	11476	1824.07.22_Times	39956
1824.07.22_Times_0006	10698	1824.07.22_Times	39956
1824.07.22_Times_0007	7154	1824.07.22_Times	39956
1824.07.22_Times_0008	10628	1824.07.22_Times	39956
1824.07.22_Trewman'sExeterFlyingPostorPlymouthandCornishAdvertiser_0001	6566	1824.07.22_Trewman'sExeterFlyingPostorPlymouthandCornishAdvertiser	31515
1824.07.22_Trewman'sExeterFlyingPostorPlymouthandCornishAdvertiser_0002	9276	1824.07.22_Trewman'sExeterFlyingPostorPlymouthandCornishAdvertiser	31515
1824.07.22_Trewman'sExeterFlyingPostorPlymouthandCornishAdvertiser_0003	8033	1824.07.22_Trewman'sExeterFlyingPostorPlymouthandCornishAdvertiser	31515
1824.07.22_Trewman'sExeterFlyingPostorPlymouthandCornishAdvertiser_0004	7640	1824.07.22_Trewman'sExeterFlyingPostorPlymouthandCornishAdvertiser	31515
1824.07.23_LiverpoolMercuryetc_0001	4792	1824.07.23_LiverpoolMercuryetc	41461
1824.07.23_LiverpoolMercuryetc_0002	5866	1824.07.23_LiverpoolMercuryetc	41461
1824.07.23_LiverpoolMercuryetc_0003	3754	1824.07.23_LiverpoolMercuryetc	41461
1824.07.23_LiverpoolMercuryetc_0004	5245	1824.07.23_LiverpoolMercuryetc	41461
1824.07.23_LiverpoolMercuryetc_0005	4742	1824.07.23_LiverpoolMercuryetc	41461
1824.07.23_LiverpoolMercuryetc_0006	5555	1824.07.23_LiverpoolMercuryetc	41461
1824.07.23_LiverpoolMercuryetc_0007	5679	1824.07.23_LiverpoolMercuryetc	41461
1824.07.23_LiverpoolMercuryetc_0008	5828	1824.07.23_LiverpoolMercuryetc	41461
1824.07.23_MorningChronicle_0001	11018	1824.07.23_MorningChronicle	41036
1824.07.23_MorningChronicle_0002	9043	1824.07.23_MorningChronicle	41036
1824.07.23_MorningChronicle_0003	10572	1824.07.23_MorningChronicle	41036
1824.07.23_MorningChronicle_0004	10403	1824.07.23_MorningChronicle	41036
1824.07.23_Times_0001	10605	1824.07.23_Times	44917
1824.07.23_Times_0002	10714	1824.07.23_Times	44917
1824.07.23_Times_0003	11573	1824.07.23_Times	44917
1824.07.23_Times_0004	12025	1824.07.23_Times	44917
1824.07.24_CaledonianMercury_0001	7276	1824.07.24_CaledonianMercury	30885
1824.07.24_CaledonianMercury_0002	7525	1824.07.24_CaledonianMercury	30885
1824.07.24_CaledonianMercury_0003	7881	1824.07.24_CaledonianMercury	30885
1824.07.24_CaledonianMercury_0004	8203	1824.07.24_CaledonianMercury	30885
1824.07.24_Cobbett'sWeeklyPoliticalRegister_0001	79	1824.07.24_Cobbett'sWeeklyPoliticalRegister	8681
1824.07.24_Cobbett'sWeeklyPoliticalRegister_0002	164	1824.07.24_Cobbett'sWeeklyPoliticalRegister	8681
1824.07.24_Cobbett'sWeeklyPoliticalRegister_0003	230	1824.07.24_Cobbett'sWeeklyPoliticalRegister	8681
1824.07.24_Cobbett'sWeeklyPoliticalRegister_0004	279	1824.07.24_Cobbett'sWeeklyPoliticalRegister	8681
1824.07.24_Cobbett'sWeeklyPoliticalRegister_0005	357	1824.07.24_Cobbett'sWeeklyPoliticalRegister	8681
1824.07.24_Cobbett'sWeeklyPoliticalRegister_0006	184	1824.07.24_Cobbett'sWeeklyPoliticalRegister	8681
1824.07.24_Cobbett'sWeeklyPoliticalRegister_0007	286	1824.07.24_Cobbett'sWeeklyPoliticalRegister	8681
1824.07.24_Cobbett'sWeeklyPoliticalRegister_0008	271	1824.07.24_Cobbett'sWeeklyPoliticalRegister	8681
1824.07.24_Cobbett'sWeeklyPoliticalRegister_0009	327	1824.07.24_Cobbett'sWeeklyPoliticalRegister	8681
1824.07.24_Cobbett'sWeeklyPoliticalRegister_0010	254	1824.07.24_Cobbett'sWeeklyPoliticalRegister	8681
1824.07.24_Cobbett'sWeeklyPoliticalRegister_0011	249	1824.07.24_Cobbett'sWeeklyPoliticalRegister	8681
1824.07.24_Cobbett'sWeeklyPoliticalRegister_0012	320	1824.07.24_Cobbett'sWeeklyPoliticalRegister	8681
1824.07.24_Cobbett'sWeeklyPoliticalRegister_0013	182	1824.07.24_Cobbett'sWeeklyPoliticalRegister	8681
1824.07.24_Cobbett'sWeeklyPoliticalRegister_0014	96	1824.07.24_Cobbett'sWeeklyPoliticalRegister	8681
1824.07.24_Cobbett'sWeeklyPoliticalRegister_0015	212	1824.07.24_Cobbett'sWeeklyPoliticalRegister	8681
1824.07.24_Cobbett'sWeeklyPoliticalRegister_0016	211	1824.07.24_Cobbett'sWeeklyPoliticalRegister	8681
1824.07.24_Cobbett'sWeeklyPoliticalRegister_0017	321	1824.07.24_Cobbett'sWeeklyPoliticalRegister	8681
1824.07.24_Cobbett'sWeeklyPoliticalRegister_0018	273	1824.07.24_Cobbett'sWeeklyPoliticalRegister	8681
1824.07.24_Cobbett'sWeeklyPoliticalRegister_0019	156	1824.07.24_Cobbett'sWeeklyPoliticalRegister	8681
1824.07.24_Cobbett'sWeeklyPoliticalRegister_0020	295	1824.07.24_Cobbett'sWeeklyPoliticalRegister	8681
1824.07.24_Cobbett'sWeeklyPoliticalRegister_0021	327	1824.07.24_Cobbett'sWeeklyPoliticalRegister	8681
1824.07.24_Cobbett'sWeeklyPoliticalRegister_0022	205	1824.07.24_Cobbett'sWeeklyPoliticalRegister	8681
1824.07.24_Cobbett'sWeeklyPoliticalRegister_0023	345	1824.07.24_Cobbett'sWeeklyPoliticalRegister	8681
1824.07.24_Cobbett'sWeeklyPoliticalRegister_0024	443	1824.07.24_Cobbett'sWeeklyPoliticalRegister	8681
1824.07.24_Cobbett'sWeeklyPoliticalRegister_0025	354	1824.07.24_Cobbett'sWeeklyPoliticalRegister	8681
1824.07.24_Cobbett'sWeeklyPoliticalRegister_0026	307	1824.07.24_Cobbett'sWeeklyPoliticalRegister	8681
1824.07.24_Cobbett'sWeeklyPoliticalRegister_0027	225	1824.07.24_Cobbett'sWeeklyPoliticalRegister	8681
1824.07.24_Cobbett'sWeeklyPoliticalRegister_0028	280	1824.07.24_Cobbett'sWeeklyPoliticalRegister	8681
1824.07.24_Cobbett'sWeeklyPoliticalRegister_0029	484	1824.07.24_Cobbett'sWeeklyPoliticalRegister	8681
1824.07.24_Cobbett'sWeeklyPoliticalRegister_0030	471	1824.07.24_Cobbett'sWeeklyPoliticalRegister	8681
1824.07.24_Cobbett'sWeeklyPoliticalRegister_0031	326	1824.07.24_Cobbett'sWeeklyPoliticalRegister	8681
1824.07.24_Cobbett'sWeeklyPoliticalRegister_0032	168	1824.07.24_Cobbett'sWeeklyPoliticalRegister	8681
1824.07.24_MorningChronicle_0001	10251	1824.07.24_MorningChronicle	41466
1824.07.24_MorningChronicle_0002	9626	1824.07.24_MorningChronicle	41466
1824.07.24_MorningChronicle_0003	10926	1824.07.24_MorningChronicle	41466
1824.07.24_MorningChronicle_0004	10663	1824.07.24_MorningChronicle	41466
1824.07.24_TheIpswichJournal_0001	6217	1824.07.24_TheIpswichJournal	30056
1824.07.24_TheIpswichJournal_0002	8770	1824.07.24_TheIpswichJournal	30056
1824.07.24_TheIpswichJournal_0003	7017	1824.07.24_TheIpswichJournal	30056
1824.07.24_TheIpswichJournal_0004	8052	1824.07.24_TheIpswichJournal	30056
1824.07.24_TheLeedsMercury_0001	9589	1824.07.24_TheLeedsMercury	44959
1824.07.24_TheLeedsMercury_0002	10783	1824.07.24_TheLeedsMercury	44959
1824.07.24_TheLeedsMercury_0003	12225	1824.07.24_TheLeedsMercury	44959
1824.07.24_TheLeedsMercury_0004	12362	1824.07.24_TheLeedsMercury	44959
1824.07.24_TheNewcastleCourantetc_0001	7059	1824.07.24_TheNewcastleCourantetc	34255
1824.07.24_TheNewcastleCourantetc_0002	11146	1824.07.24_TheNewcastleCourantetc	34255
1824.07.24_TheNewcastleCourantetc_0003	8106	1824.07.24_TheNewcastleCourantetc	34255
1824.07.24_TheNewcastleCourantetc_0004	7944	1824.07.24_TheNewcastleCourantetc	34255
1824.07.24_Times_0001	9849	1824.07.24_Times	43125
1824.07.24_Times_0002	17660	1824.07.24_Times	43125
1824.07.24_Times_0003	7111	1824.07.24_Times	43125
1824.07.24_Times_0004	8505	1824.07.24_Times	43125
1824.07.25_TheExaminer_0001	1630	1824.07.25_TheExaminer	31576
1824.07.25_TheExaminer_0002	1729	1824.07.25_TheExaminer	31576
1824.07.25_TheExaminer_0003	1876	1824.07.25_TheExaminer	31576
1824.07.25_TheExaminer_0004	2057	1824.07.25_TheExaminer	31576
1824.07.25_TheExaminer_0005	1817	1824.07.25_TheExaminer	31576
1824.07.25_TheExaminer_0006	1815	1824.07.25_TheExaminer	31576
1824.07.25_TheExaminer_0007	2027	1824.07.25_TheExaminer	31576
1824.07.25_TheExaminer_0008	2079	1824.07.25_TheExaminer	31576
1824.07.25_TheExaminer_0009	2066	1824.07.25_TheExaminer	31576
1824.07.25_TheExaminer_0010	1989	1824.07.25_TheExaminer	31576
1824.07.25_TheExaminer_0011	2119	1824.07.25_TheExaminer	31576
1824.07.25_TheExaminer_0012	2183	1824.07.25_TheExaminer	31576
1824.07.25_TheExaminer_0013	1984	1824.07.25_TheExaminer	31576
1824.07.25_TheExaminer_0014	2227	1824.07.25_TheExaminer	31576
1824.07.25_TheExaminer_0015	2060	1824.07.25_TheExaminer	31576
1824.07.25_TheExaminer_0016	1918	1824.07.25_TheExaminer	31576
1824.07.26_CaledonianMercury_0001	7571	1824.07.26_CaledonianMercury	32229
1824.07.26_CaledonianMercury_0002	8031	1824.07.26_CaledonianMercury	32229
1824.07.26_CaledonianMercury_0003	7919	1824.07.26_CaledonianMercury	32229
1824.07.26_CaledonianMercury_0004	8708	1824.07.26_CaledonianMercury	32229
1824.07.26_HampshireTelegraphandSussexChronicleetc_0001	8312	1824.07.26_HampshireTelegraphandSussexChronicleetc	40536
1824.07.26_HampshireTelegraphandSussexChronicleetc_0002	10211	1824.07.26_HampshireTelegraphandSussexChronicleetc	40536
1824.07.26_HampshireTelegraphandSussexChronicleetc_0003	10765	1824.07.26_HampshireTelegraphandSussexChronicleetc	40536
1824.07.26_HampshireTelegraphandSussexChronicleetc_0004	11248	1824.07.26_HampshireTelegraphandSussexChronicleetc	40536
1824.07.26_MorningChronicle_0001	11906	1824.07.26_MorningChronicle	42882
1824.07.26_MorningChronicle_0002	9324	1824.07.26_MorningChronicle	42882
1824.07.26_MorningChronicle_0003	10414	1824.07.26_MorningChronicle	42882
1824.07.26_MorningChronicle_0004	11238	1824.07.26_MorningChronicle	42882
1824.07.26_TheBristolMercury_0001	7657	1824.07.26_TheBristolMercury	36367
1824.07.26_TheBristolMercury_0002	8160	1824.07.26_TheBristolMercury	36367
1824.07.26_TheBristolMercury_0003	10277	1824.07.26_TheBristolMercury	36367
1824.07.26_TheBristolMercury_0004	10273	1824.07.26_TheBristolMercury	36367
1824.07.26_Times_0001	10772	1824.07.26_Times	44130
1824.07.26_Times_0002	11632	1824.07.26_Times	44130
1824.07.26_Times_0003	10179	1824.07.26_Times	44130
1824.07.26_Times_0004	11547	1824.07.26_Times	44130
1824.07.27_MorningChronicle_0001	12191	1824.07.27_MorningChronicle	42439
1824.07.27_MorningChronicle_0002	8894	1824.07.27_MorningChronicle	42439
1824.07.27_MorningChronicle_0003	9898	1824.07.27_MorningChronicle	42439
1824.07.27_MorningChronicle_0004	11456	1824.07.27_MorningChronicle	42439
1824.07.27_Times_0001	9153	1824.07.27_Times	41408
1824.07.27_Times_0002	9995	1824.07.27_Times	41408
1824.07.27_Times_0003	11005	1824.07.27_Times	41408
1824.07.27_Times_0004	11255	1824.07.27_Times	41408
1824.07.28_MorningChronicle_0001	11408	1824.07.28_MorningChronicle	41031
1824.07.28_MorningChronicle_0002	9402	1824.07.28_MorningChronicle	41031
1824.07.28_MorningChronicle_0003	9935	1824.07.28_MorningChronicle	41031
1824.07.28_MorningChronicle_0004	10286	1824.07.28_MorningChronicle	41031
1824.07.28_TheAberdeenJournal_0001	7659	1824.07.28_TheAberdeenJournal	39588
1824.07.28_TheAberdeenJournal_0002	10968	1824.07.28_TheAberdeenJournal	39588
1824.07.28_TheAberdeenJournal_0003	9721	1824.07.28_TheAberdeenJournal	39588
1824.07.28_TheAberdeenJournal_0004	11240	1824.07.28_TheAberdeenJournal	39588
1824.07.28_TheDerbyMercury_0001	6862	1824.07.28_TheDerbyMercury	32685
1824.07.28_TheDerbyMercury_0002	8931	1824.07.28_TheDerbyMercury	32685
1824.07.28_TheDerbyMercury_0003	7698	1824.07.28_TheDerbyMercury	32685
1824.07.28_TheDerbyMercury_0004	9194	1824.07.28_TheDerbyMercury	32685
1824.07.28_Times_0001	8962	1824.07.28_Times	40033
1824.07.28_Times_0002	9695	1824.07.28_Times	40033
1824.07.28_Times_0003	11268	1824.07.28_Times	40033
1824.07.28_Times_0004	10108	1824.07.28_Times	40033
1824.07.29_CaledonianMercury_0001	7115	1824.07.29_CaledonianMercury	33548
1824.07.29_CaledonianMercury_0002	8074	1824.07.29_CaledonianMercury	33548
1824.07.29_CaledonianMercury_0003	9391	1824.07.29_CaledonianMercury	33548
1824.07.29_CaledonianMercury_0004	8968	1824.07.29_CaledonianMercury	33548
1824.07.29_MorningChronicle_0001	11632	1824.07.29_MorningChronicle	42196
1824.07.29_MorningChronicle_0002	9769	1824.07.29_MorningChronicle	42196
1824.07.29_MorningChronicle_0003	10239	1824.07.29_MorningChronicle	42196
1824.07.29_MorningChronicle_0004	10556	1824.07.29_MorningChronicle	42196
1824.07.29_Times_0001	7641	1824.07.29_Times	39409
1824.07.29_Times_0002	10258	1824.07.29_Times	39409
1824.07.29_Times_0003	13674	1824.07.29_Times	39409
1824.07.29_Times_0004	7836	1824.07.29_Times	39409
1824.07.29_Trewman'sExeterFlyingPostorPlymouthandCornishAdvertiser_0001	6126	1824.07.29_Trewman'sExeterFlyingPostorPlymouthandCornishAdvertiser	31377
1824.07.29_Trewman'sExeterFlyingPostorPlymouthandCornishAdvertiser_0002	9429	1824.07.29_Trewman'sExeterFlyingPostorPlymouthandCornishAdvertiser	31377
1824.07.29_Trewman'sExeterFlyingPostorPlymouthandCornishAdvertiser_0003	8308	1824.07.29_Trewman'sExeterFlyingPostorPlymouthandCornishAdvertiser	31377
1824.07.29_Trewman'sExeterFlyingPostorPlymouthandCornishAdvertiser_0004	7514	1824.07.29_Trewman'sExeterFlyingPostorPlymouthandCornishAdvertiser	31377
1824.07.30_LiverpoolMercuryetc_0001	4555	1824.07.30_LiverpoolMercuryetc	39279
1824.07.30_LiverpoolMercuryetc_0002	5553	1824.07.30_LiverpoolMercuryetc	39279
1824.07.30_LiverpoolMercuryetc_0003	4490	1824.07.30_LiverpoolMercuryetc	39279
1824.07.30_LiverpoolMercuryetc_0004	4738	1824.07.30_LiverpoolMercuryetc	39279
1824.07.30_LiverpoolMercuryetc_0005	4970	1824.07.30_LiverpoolMercuryetc	39279
1824.07.30_LiverpoolMercuryetc_0006	5093	1824.07.30_LiverpoolMercuryetc	39279
1824.07.30_LiverpoolMercuryetc_0007	4902	1824.07.30_LiverpoolMercuryetc	39279
1824.07.30_LiverpoolMercuryetc_0008	4978	1824.07.30_LiverpoolMercuryetc	39279
1824.07.30_MorningChronicle_0001	10665	1824.07.30_MorningChronicle	41199
1824.07.30_MorningChronicle_0002	9469	1824.07.30_MorningChronicle	41199
1824.07.30_MorningChronicle_0003	10240	1824.07.30_MorningChronicle	41199
1824.07.30_MorningChronicle_0004	10825	1824.07.30_MorningChronicle	41199
1824.07.30_Times_0001	9164	1824.07.30_Times	40744
1824.07.30_Times_0002	15006	1824.07.30_Times	40744
1824.07.30_Times_0003	5675	1824.07.30_Times	40744
1824.07.30_Times_0004	10899	1824.07.30_Times	40744
1824.07.31_CaledonianMercury_0001	6745	1824.07.31_CaledonianMercury	30492
1824.07.31_CaledonianMercury_0002	7360	1824.07.31_CaledonianMercury	30492
1824.07.31_CaledonianMercury_0003	7784	1824.07.31_CaledonianMercury	30492
1824.07.31_CaledonianMercury_0004	8603	1824.07.31_CaledonianMercury	30492
1824.07.31_Cobbett'sWeeklyPoliticalRegister_0001	235	1824.07.31_Cobbett'sWeeklyPoliticalRegister	11401
1824.07.31_Cobbett'sWeeklyPoliticalRegister_0002	315	1824.07.31_Cobbett'sWeeklyPoliticalRegister	11401
1824.07.31_Cobbett'sWeeklyPoliticalRegister_0003	322	1824.07.31_Cobbett'sWeeklyPoliticalRegister	11401
1824.07.31_Cobbett'sWeeklyPoliticalRegister_0004	337	1824.07.31_Cobbett'sWeeklyPoliticalRegister	11401
1824.07.31_Cobbett'sWeeklyPoliticalRegister_0005	306	1824.07.31_Cobbett'sWeeklyPoliticalRegister	11401
1824.07.31_Cobbett'sWeeklyPoliticalRegister_0006	234	1824.07.31_Cobbett'sWeeklyPoliticalRegister	11401
1824.07.31_Cobbett'sWeeklyPoliticalRegister_0007	322	1824.07.31_Cobbett'sWeeklyPoliticalRegister	11401
1824.07.31_Cobbett'sWeeklyPoliticalRegister_0008	385	1824.07.31_Cobbett'sWeeklyPoliticalRegister	11401
1824.07.31_Cobbett'sWeeklyPoliticalRegister_0009	415	1824.07.31_Cobbett'sWeeklyPoliticalRegister	11401
1824.07.31_Cobbett'sWeeklyPoliticalRegister_0010	354	1824.07.31_Cobbett'sWeeklyPoliticalRegister	11401
1824.07.31_Cobbett'sWeeklyPoliticalRegister_0011	429	1824.07.31_Cobbett'sWeeklyPoliticalRegister	11401
1824.07.31_Cobbett'sWeeklyPoliticalRegister_0012	439	1824.07.31_Cobbett'sWeeklyPoliticalRegister	11401
1824.07.31_Cobbett'sWeeklyPoliticalRegister_0013	440	1824.07.31_Cobbett'sWeeklyPoliticalRegister	11401
1824.07.31_Cobbett'sWeeklyPoliticalRegister_0014	345	1824.07.31_Cobbett'sWeeklyPoliticalRegister	11401
1824.07.31_Cobbett'sWeeklyPoliticalRegister_0015	308	1824.07.31_Cobbett'sWeeklyPoliticalRegister	11401
1824.07.31_Cobbett'sWeeklyPoliticalRegister_0016	310	1824.07.31_Cobbett'sWeeklyPoliticalRegister	11401
1824.07.31_Cobbett'sWeeklyPoliticalRegister_0017	319	1824.07.31_Cobbett'sWeeklyPoliticalRegister	11401
1824.07.31_Cobbett'sWeeklyPoliticalRegister_0018	280	1824.07.31_Cobbett'sWeeklyPoliticalRegister	11401
1824.07.31_Cobbett'sWeeklyPoliticalRegister_0019	255	1824.07.31_Cobbett'sWeeklyPoliticalRegister	11401
1824.07.31_Cobbett'sWeeklyPoliticalRegister_0020	327	1824.07.31_Cobbett'sWeeklyPoliticalRegister	11401
1824.07.31_Cobbett'sWeeklyPoliticalRegister_0021	336	1824.07.31_Cobbett'sWeeklyPoliticalRegister	11401
1824.07.31_Cobbett'sWeeklyPoliticalRegister_0022	314	1824.07.31_Cobbett'sWeeklyPoliticalRegister	11401
1824.07.31_Cobbett'sWeeklyPoliticalRegister_0023	284	1824.07.31_Cobbett'sWeeklyPoliticalRegister	11401
1824.07.31_Cobbett'sWeeklyPoliticalRegister_0024	328	1824.07.31_Cobbett'sWeeklyPoliticalRegister	11401
1824.07.31_Cobbett'sWeeklyPoliticalRegister_0025	354	1824.07.31_Cobbett'sWeeklyPoliticalRegister	11401
1824.07.31_Cobbett'sWeeklyPoliticalRegister_0026	430	1824.07.31_Cobbett'sWeeklyPoliticalRegister	11401
1824.07.31_Cobbett'sWeeklyPoliticalRegister_0027	271	1824.07.31_Cobbett'sWeeklyPoliticalRegister	11401
1824.07.31_Cobbett'sWeeklyPoliticalRegister_0028	407	1824.07.31_Cobbett'sWeeklyPoliticalRegister	11401
1824.07.31_Cobbett'sWeeklyPoliticalRegister_0029	600	1824.07.31_Cobbett'sWeeklyPoliticalRegister	11401
1824.07.31_Cobbett'sWeeklyPoliticalRegister_0030	654	1824.07.31_Cobbett'sWeeklyPoliticalRegister	11401
1824.07.31_Cobbett'sWeeklyPoliticalRegister_0031	429	1824.07.31_Cobbett'sWeeklyPoliticalRegister	11401
1824.07.31_Cobbett'sWeeklyPoliticalRegister_0032	317	1824.07.31_Cobbett'sWeeklyPoliticalRegister	11401
1824.07.31_MorningChronicle_0001	11308	1824.07.31_MorningChronicle	41741
1824.07.31_MorningChronicle_0002	9369	1824.07.31_MorningChronicle	41741
1824.07.31_MorningChronicle_0003	10739	1824.07.31_MorningChronicle	41741
1824.07.31_MorningChronicle_0004	10325	1824.07.31_MorningChronicle	41741
1824.07.31_TheIpswichJournal_0001	6436	1824.07.31_TheIpswichJournal	30943
1824.07.31_TheIpswichJournal_0002	7336	1824.07.31_TheIpswichJournal	30943
1824.07.31_TheIpswichJournal_0003	8692	1824.07.31_TheIpswichJournal	30943
1824.07.31_TheIpswichJournal_0004	8479	1824.07.31_TheIpswichJournal	30943
1824.07.31_TheLeedsMercury_0001	8877	1824.07.31_TheLeedsMercury	42200
1824.07.31_TheLeedsMercury_0002	10908	1824.07.31_TheLeedsMercury	42200
1824.07.31_TheLeedsMercury_0003	11834	1824.07.31_TheLeedsMercury	42200
1824.07.31_TheLeedsMercury_0004	10581	1824.07.31_TheLeedsMercury	42200
1824.07.31_TheNewcastleCourantetc_0001	7806	1824.07.31_TheNewcastleCourantetc	38304
1824.07.31_TheNewcastleCourantetc_0002	10779	1824.07.31_TheNewcastleCourantetc	38304
1824.07.31_TheNewcastleCourantetc_0003	9471	1824.07.31_TheNewcastleCourantetc	38304
1824.07.31_TheNewcastleCourantetc_0004	10248	1824.07.31_TheNewcastleCourantetc	38304
1824.07.31_Times_0001	7449	1824.07.31_Times	38912
1824.07.31_Times_0002	19063	1824.07.31_Times	38912
1824.07.31_Times_0003	4943	1824.07.31_Times	38912
1824.07.31_Times_0004	7457	1824.07.31_Times	38912
